,지역,상호,주소,상표,전화번호,셀프여부,휘발유,경유,구
0,서울특별시,주)지유에너지직영 오렌지주유소,서울특별시 강동구  성안로 102 (성내동),SK에너지,02-484-6165,N,1555.0,1357.0,강동구
1,서울특별시,GS칼텍스㈜직영 신월주유소,서울 강동구 양재대로 1323 (성내동),GS칼텍스,02-475-2600,N,1555.0,1355.0,강동구
2,서울특별시,구천면주유소,서울 강동구 구천면로 357 (암사동),현대오일뱅크,02-441-0536,N,1556.0,1365.0,강동구
3,서울특별시,광성주유소,서울 강동구 올림픽로 673 (천호동),S-OIL,02-470-5133,N,1588.0,1388.0,강동구
4,서울특별시,(주)퍼스트오일 코알라주유소,서울특별시 강동구  올림픽로 556 (성내동),S-OIL,02-484-1162,Y,1588.0,1388.0,강동구
5,서울특별시,방아다리주유소,서울 강동구 동남로 811 (명일동),SK에너지,02-442-5145,Y,1588.0,1398.0,강동구
6,서울특별시,알이디씨(주)천동주유소,서울특별시 강동구  천호대로 987 (천호동),현대오일뱅크,02-473-1556,N,1589.0,1389.0,강동구
7,서울특별시,(주)소모에너지엔테크놀러지성내주유소,서울 강동구 올림픽로 578 (성내동),GS칼텍스,02-479-3838,Y,1598.0,1398.0,강동구
8,서울특별시,sk해뜨는주유소,서울특별시 강동구  상일로 132 (강일동),SK에너지,02-442-7801,Y,1598.0,1418.0,강동구
9,서울특별시,대성석유(주)직영길동주유소,서울 강동구 천호대로 1168 (둔촌동),GS칼텍스,02-474-7222,N,1598.0,1398.0,강동구
10,서울특별시,고속셀프주유소,서울특별시 강동구  천호대로 1246 (둔촌동),SK에너지,02-487-2030,Y,1598.0,1398.0,강동구
11,서울특별시,SK네트웍스㈜암사주유소(self),서울 강동구 올림픽로 749 (암사동),SK에너지,02-3427-2043,Y,1618.0,1418.0,강동구
12,서울특별시,SK네트윅스(주)길동주유소,서울 강동구 천호대로 1221 (길동),SK에너지,02-488-3491,Y,1648.0,1448.0,강동구
13,서울특별시,SK네트윅스(주)한미주유소,서울 강동구 성내로 32 (성내동),SK에너지,02-473-1981,N,1678.0,1478.0,강동구
14,서울특별시,명일주유소,서울 강동구 고덕로 168 (명일동),SK에너지,02-3428-1739,N,1679.0,1489.0,강동구
15,서울특별시,(주)삼표에너지 고덕주유소,서울 강동구 고덕로 39 (암사동),GS칼텍스,02-441-3327,N,1689.0,1489.0,강동구
16,서울특별시,CJ대한통운(주)직영 천호점주유소,서울 강동구 천중로 67 (천호동),현대오일뱅크,02-473-5189,N,1697.0,1499.0,강동구
17,서울특별시,강동주유소,서울 강동구 양재대로 1509 (길동),SK에너지,02-477-5101,N,1988.0,1798.0,강동구
18,서울특별시,한이에너지(주)KLP제1주유소,서울특별시 도봉구  도봉로 596 (창동),현대오일뱅크,02-902-5189,N,1508.0,1298.0,도봉구
19,서울특별시,도봉제일주유소(주)송만에너지,서울특별시 도봉구  도봉로 783 (도봉동),현대오일뱅크,02-955-5185,N,1508.0,1298.0,도봉구
20,서울특별시,쌍문주유소,서울특별시 도봉구  도봉로 547 (쌍문동),S-OIL,02-992-0220,Y,1509.0,1299.0,도봉구
21,서울특별시,삼미상사(주)북부주유소,서울 도봉구 도봉로 437 (쌍문동),SK에너지,02-991-5561,Y,1509.0,1299.0,도봉구
22,서울특별시,극동유화(주)대안주유소,서울 도봉구 마들로 574 (창동),S-OIL,02-996-6640,Y,1511.0,1301.0,도봉구
23,서울특별시,정다운셀프주유소, 서울특별시 도봉구 도봉로 635 (쌍문동),SK에너지,02-996-5151,Y,1511.0,1301.0,도봉구
24,서울특별시,방학동주유소,서울특별시 도봉구  방학로 186 (방학동),GS칼텍스,02-3493-5189,Y,1512.0,1305.0,도봉구
25,서울특별시,도봉주유소,서울 도봉구 도봉로 895 (도봉동),GS칼텍스,02-954-0118,Y,1512.0,1305.0,도봉구
26,서울특별시, 현대오일뱅크㈜ 직영 쌍문셀프주유소,서울 도봉구 노해로 161 (쌍문동),현대오일뱅크,02-998-9704,Y,1514.0,1314.0,도봉구
27,서울특별시,서현주유소,서울 특별시 도봉구 방학로 142 (방학동),S-OIL,02-954-5400,Y,1514.0,1314.0,도봉구
28,서울특별시,(주)디케이비엠시구도일주유소도봉,서울특별시 도봉구  도봉로 706 (방학동),S-OIL,02-3491-3454,Y,1519.0,1329.0,도봉구
29,서울특별시,동일석유(주) 창동주유소,서울특별시 도봉구  도봉로 434 (창동),SK에너지,02-902-5544,N,1519.0,1309.0,도봉구
30,서울특별시,(주)소모에너지엔테크놀러지 신중계주유소,서울 도봉구 방학로 21 (방학동),GS칼텍스,02-3492-4732,N,1533.0,1323.0,도봉구
31,서울특별시,오복주유소,서울 도봉구 방학로 43 (방학동),S-OIL,02-3494-1500,Y,1538.0,1328.0,도봉구
32,서울특별시,대성산업(주)신창주유소,서울 도봉구 덕릉로 267 (창동),GS칼텍스,02-905-4441,N,1538.0,1329.0,도봉구
33,서울특별시,우이동주유소,서울 도봉구 삼양로 630 (쌍문동),S-OIL,02-992-8890,N,1579.0,1378.0,도봉구
34,서울특별시,제일주유소,서울 도봉구 해등로3길 86 (창동),S-OIL,02-996-8790,N,1598.0,1398.0,도봉구
35,서울특별시,sk네트웍스 영신주유소,서울특별시 도봉구  방학로 151 (방학동 671-2),SK에너지,02-956-5152,N,1649.0,1439.0,도봉구
36,서울특별시,해와달주유소,서울 도봉구 마들로 776 (도봉동),현대오일뱅크,02-956-1600,N,1998.0,1763.0,도봉구
37,서울특별시,재원에너지(주)용일주유소,서울 동대문구 안암로 54 (용두동),GS칼텍스,02-3291-5151,N,1512.0,1293.0,동대문구
38,서울특별시,풍한주유소,서울특별시 동대문구  안암로 168 (제기동),SK에너지,02-924-5189,N,1515.0,1295.0,동대문구
39,서울특별시,삼미상사(주)장안킹셀프주유소,서울특별시 동대문구  한천로 100 (장안동),SK에너지,02-2242-7115,Y,1515.0,1315.0,동대문구
40,서울특별시,SK경동주유소,서울 동대문구 이문로 191 (이문동),SK에너지,02-962-5188,N,1524.0,1314.0,동대문구
41,서울특별시,(주)열린주유소,서울 동대문구 한천로 263 (휘경동),GS칼텍스,070-4413-6542,N,1525.0,1299.0,동대문구
42,서울특별시,웰컴주유소,서울특별시 동대문구  한천로 414 (이문동),현대오일뱅크,02-969-1144,N,1525.0,1305.0,동대문구
43,서울특별시,동일석유(주)강남주유소,서울특별시 동대문구  사가정로 103 (전농동),SK에너지,02-3394-5183,N,1529.0,1229.0,동대문구
44,서울특별시,재정주유소,서울 동대문구 전농로 121 (전농동),현대오일뱅크,070-8256-4617,N,1529.0,1299.0,동대문구
45,서울특별시,답십리주유소,서울 동대문구 답십리로 223 (답십리동),GS칼텍스,02-2213-9901,N,1529.0,1299.0,동대문구
46,서울특별시,삼영주유소,서울 동대문구 답십리로 258 (장안동),SK에너지,02-2217-2017,N,1529.0,1299.0,동대문구
47,서울특별시,재정제2주유소,서울 동대문구 사가정로 90 (전농동),현대오일뱅크,02-2249-6682,Y,1529.0,1299.0,동대문구
48,서울특별시,삼원셀프주유소,서울 동대문구 망우로 90 (휘경동),SK에너지,02-2244-1972,Y,1549.0,1339.0,동대문구
49,서울특별시,(주)파랑에너지,서울특별시 동대문구  망우로 1 (휘경동)126,GS칼텍스,02-2242-5145,Y,1549.0,1324.0,동대문구
50,서울특별시,대성산업(주)동마장주유소,서울 동대문구 고산자로 405 (용두동),GS칼텍스,02-966-5451,N,1558.0,1338.0,동대문구
51,서울특별시,오동나무주유소,서울특별시 동대문구  한천로 81 (답십리동),S-OIL,02-2247-5132,N,1578.0,1378.0,동대문구
52,서울특별시,홍능주유소,서울 동대문구 홍릉로 87 (청량리동),S-OIL,02-966-9190,N,1589.0,1389.0,동대문구
53,서울특별시,대성산업㈜청량리주유소,서울 동대문구 왕산로 289 (청량리동),GS칼텍스,02-966-9400,N,1589.0,1379.0,동대문구
54,서울특별시,SK네트웍스스피드주유소,서울 동대문구 천호대로 453 (장안동),SK에너지,02-2216-5151,N,1642.0,1479.0,동대문구
55,서울특별시,한영주유소 (한화),서울 동대문구 망우로 38 (휘경동),현대오일뱅크,02-2214-9890,N,1655.0,1399.0,동대문구
56,서울특별시,능주주유소,서울 동대문구 청계천로 431 (신설동),SK에너지,02-2232-4245,N,1692.0,1467.0,동대문구
57,서울특별시,배봉로주유소,서울 동대문구 서울시립대로 108 (전농동),현대오일뱅크,02-2242-0556,N,1760.0,1560.0,동대문구
58,서울특별시,신성주유소,서울 동대문구 장한로 29 (장안동),현대오일뱅크,02-2217-4574,N,1895.0,1695.0,동대문구
59,서울특별시,서경주유소,서울 동작구 대림로 46 (신대방동),현대오일뱅크,02-843-5130,N,1508.0,1308.0,동작구
60,서울특별시,(주)서우유통에너지,서울특별시 동작구  노량진로 78 (노량진동),S-OIL,02-821-7009,N,1528.0,1328.0,동작구
61,서울특별시,대방주유소,서울특별시 동작구 여의대방로214 (대방동),GS칼텍스,02-826-5145,N,1528.0,1328.0,동작구
62,서울특별시,매일주유소,서울특별시 동작구  상도로 139 (상도동),S-OIL,02-817-4085,N,1549.0,1389.0,동작구
63,서울특별시,한원케미칼(주),서울특별시 동작구  동작대로 135 (사당동),GS칼텍스,02-2183-3824,Y,1549.0,1339.0,동작구
64,서울특별시,금성주유소,서울특별시 동작구  사당로 59 (상도동),현대오일뱅크,02-825-5151,N,1549.0,1339.0,동작구
65,서울특별시,현대오일뱅크(주)직영 사당셀프주유소,서울특별시 동작구  동작대로 73 (사당동),현대오일뱅크,02-521-3618,Y,1559.0,1349.0,동작구
66,서울특별시,대성산업(주) 노량진주유소,서울 동작구 노량진로 172 (노량진동),GS칼텍스,02-815-2354,N,1587.0,1387.0,동작구
67,서울특별시,현대오일뱅크 동작주유소,서울특별시 동작구  상도로 403 (상도동),현대오일뱅크,02-817-9179,N,1587.0,1377.0,동작구
68,서울특별시,21세기주유소,서울 동작구 시흥대로 616 (신대방동),SK에너지,02-832-7926,Y,1598.0,1388.0,동작구
69,서울특별시,흑석동,서울 동작구 현충로 101 (흑석동),SK에너지,02-815-0724,Y,1627.0,1498.0,동작구
70,서울특별시,살피재주유소,서울특별시 동작구  상도로 334 (상도동),SK에너지,02-817-2559,N,1635.0,1425.0,동작구
71,서울특별시,마포시엠주유소,서울특별시 마포구  월드컵북로62 (성산동),GS칼텍스,02-336-1687,N,1538.0,1326.0,마포구
72,서울특별시,용강주유소,서울특별시 마포구  토정로 260 (용강동),S-OIL,070-7795-4800,N,1592.0,1392.0,마포구
73,서울특별시,(주)만성상사(대흥),서울 마포구 대흥로 61 (대흥동),SK에너지,02-3273-5151,N,1594.0,1394.0,마포구
74,서울특별시,(주)승지 염리동주유소,서울특별시 마포구 백범로 126(염리동),현대오일뱅크,02-716-3644,N,1596.0,1396.0,마포구
75,서울특별시,청원주유소,서울 마포구 월드컵북로 113 (성산동),S-OIL,02-325-5533,N,1598.0,1398.0,마포구
76,서울특별시,성산주유소,서울 마포구 월드컵북로 170 (성산동),SK에너지,02-373-3314,N,1698.0,1498.0,마포구
77,서울특별시,망원동주유소,서울 마포구 월드컵로 119 (망원동),SK에너지,02-334-0917,N,1739.0,1518.0,마포구
78,서울특별시,마포주유소,서울 마포구 마포대로 186 (공덕동),S-OIL,02-701-3990,N,1748.0,1547.0,마포구
79,서울특별시,양지주유소,서울 마포구 마포대로 69 (도화동),SK에너지,02-706-8955,N,1768.0,1588.0,마포구
80,서울특별시,안국주유소,서울 마포구 양화로 33 (합정동),SK에너지,02-334-8030,N,1775.0,1575.0,마포구
81,서울특별시,Happy Auto,서울 마포구 서강로 76 (창전동),SK에너지,02-336-5185,N,1840.0,1690.0,마포구
82,서울특별시,합정주유소,서울 마포구 양화로 13 (합정동),SK에너지,02-336-3276,N,1849.0,1696.0,마포구
83,서울특별시,성산대교(해월),서울 마포구 성산로 144 (성산동),SK에너지,02-323-0078,N,1850.0,1699.0,마포구
84,서울특별시,(주)가재울뉴타운주유소,서울특별시 서대문구 모래내로 205(남가좌동),현대오일뱅크,070-8879-7864,Y,1534.0,1334.0,서대문구
85,서울특별시,(주)마봉 신우주유소,서울특별시 서대문구  가좌로 106 (홍은동),S-OIL,02-304-5522,Y,1539.0,1339.0,서대문구
86,서울특별시,남정주유소,서울특별시 서대문구  모래내로 243 (남가좌동),GS칼텍스,02-305-9828,N,1539.0,1339.0,서대문구
87,서울특별시,코리아상사연세주유소,서울특별시 서대문구  연희로27가길 1 (연희동),GS칼텍스,02-337-8220,N,1549.0,1349.0,서대문구
88,서울특별시,(주)창원현대주유소,서울특별시 서대문구 통일로 537 (홍은동),현대오일뱅크,02-3216-0829,N,1549.0,1349.0,서대문구
89,서울특별시,구도일두꺼비주유소,서울특별시 서대문구  성산로18길 1-9 (연희동),S-OIL,02-336-0611,Y,1550.0,1350.0,서대문구
90,서울특별시,삼미상사(주)서부주유소,서울 서대문구 성산로 255 (연희동),SK에너지,02-334-4919,Y,1558.0,1358.0,서대문구
91,서울특별시,홍제동주유소,서울 서대문구 통일로 372 (홍제동),GS칼텍스,02-736-3708,Y,1559.0,1355.0,서대문구
92,서울특별시,홍은주유소,서울특별시 서대문구 가좌로 146 (홍은동),자가상표,02-302-5110,N,1560.0,1360.0,서대문구
93,서울특별시,연희주유소,서울특별시 서대문구  연희로 129 (연희동 89-7번지),SK에너지,02-338-8045,N,1568.0,1368.0,서대문구
94,서울특별시,삼보셀프주유소,서울 서대문구 연희로 78 (연희동),SK에너지,02-336-6151,Y,1568.0,1368.0,서대문구
95,서울특별시,중앙에너비스 동교지점,서울 서대문구 연희로 12 (창천동),SK에너지,070-8707-4568,Y,1568.0,1368.0,서대문구
96,서울특별시,광호주유소,서울특별시 서대문구  연희로 266 (홍은동),SK에너지,02-395-7236,N,1568.0,1368.0,서대문구
97,서울특별시,KH에너지(주)직영 독립문주유소,서울 서대문구 통일로 384 (홍제동),SK에너지,02-735-0333,N,1588.0,1388.0,서대문구
98,서울특별시,경인주유소,서울 서대문구 통일로 455 (홍제동),GS칼텍스,02-379-0753,N,1598.0,1398.0,서대문구
99,서울특별시,문화촌주유소,서울 서대문구 세검정로 87 (홍제동),S-OIL,02-395-4300,N,1699.0,1499.0,서대문구
100,서울특별시,행촌제2주유소,서울 서대문구 성산로 490 (대신동),SK에너지,02-365-5189,N,1998.0,1798.0,서대문구
101,서울특별시,만남의광장주유소,서울 서초구 양재대로12길 73-71 (원지동),알뜰(ex),02-573-7430,N,1514.0,1294.0,서초구
102,서울특별시,한마음주유소,서울 서초구 효령로 346 (서초동),GS칼텍스,02-583-9702,N,1535.0,1335.0,서초구
103,서울특별시,에쓰오일(주)직영 오토테크주유소,서울특별시 서초구  효령로 356 (서초동),S-OIL,02-585-5189,Y,1535.0,1335.0,서초구
104,서울특별시,만국주유소,서울 서초구 서초대로 52 (방배동),SK에너지,02-586-4460,N,1544.0,1344.0,서초구
105,서울특별시,선천주유소,서울특별시 서초구  동작대로 206 (방배동),GS칼텍스,02-592-4915,N,1549.0,1339.0,서초구
106,서울특별시,농협하나로주유소,서울특별시 서초구  헌릉로 48 (양재동),NH-OIL,02-578-5292,N,1549.0,1359.0,서초구
107,서울특별시,양재최고주유소,서울 서초구 매헌로 72 (양재동),GS칼텍스,02-2057-5189,N,1555.0,1350.0,서초구
108,서울특별시,(주)대농석유남태령주유소,서울 서초구 과천대로 838 (방배동),SK에너지,02-587-0895,Y,1557.0,1347.0,서초구
109,서울특별시,태봉셀프주유소,서울 서초구 태봉로 117 (우면동),SK에너지,02-571-8000,Y,1557.0,1357.0,서초구
110,서울특별시,동원석유(강남대로),서울 서초구 강남대로 206 (양재동),S-OIL,02-579-7547,Y,1558.0,1358.0,서초구
111,서울특별시,내곡주유소,서울특별시 서초구  헌릉로 210 (내곡동),GS칼텍스,02-573-7878,N,1559.0,1369.0,서초구
112,서울특별시,헌릉로주유소,서울특별시 서초구  헌릉로 177 (내곡동),GS칼텍스,02-574-0828,Y,1564.0,1369.0,서초구
113,서울특별시,대신석유(주)대우주유소,서울 서초구 양재대로 173 (양재동),SK에너지,02-572-0567,Y,1567.0,1357.0,서초구
114,서울특별시,현대오일뱅크(주)직영서초현대주유소,서울 서초구 반포대로 33 (서초동),현대오일뱅크,02--584-9717,N,1568.0,1368.0,서초구
115,서울특별시,대성석유(주)연일주유소,서울 서초구 남부순환로 2451 (서초동),GS칼텍스,02-3471-5151,N,1579.0,1399.0,서초구
116,서울특별시,양재현대주유소,서울 서초구 마방로 6,현대오일뱅크,02-579-8429,N,1583.0,1383.0,서초구
117,서울특별시,방배동주유소,서울 서초구 효령로 29 (방배동),SK에너지,02-584-2086,N,1584.0,1384.0,서초구
118,서울특별시,말죽거리주유소,서울 서초구 남부순환로 2650 (양재동),GS칼텍스,02-579-9933,N,1586.0,1386.0,서초구
119,서울특별시,현대오일뱅크(주)직영팔레스주유소,서울 서초구 사평대로 136 (반포동),현대오일뱅크,02-720-0020,N,1587.0,1387.0,서초구
120,서울특별시,한독주유소,서울 서초구 방배로 218 (방배동),GS칼텍스,02-3477-6127,N,1588.0,1388.0,서초구
121,서울특별시,(주)한미건설서울주유소,서울특별시 서초구  서초중앙로 91 (서초동),GS칼텍스,02-597-5152,N,1588.0,1388.0,서초구
122,서울특별시,(주)한미석유 서초주유소,서울 서초구 반포대로 64 (서초동),GS칼텍스,02-582-5198,N,1588.0,1388.0,서초구
123,서울특별시,서초꽃마을주유소,서울 서초구 반포대로 69 (서초동),GS칼텍스,02-523-5551,N,1588.0,1388.0,서초구
124,서울특별시,현대오일뱅크(주)직영방배현대주유소,서울특별시 서초구 동작대로 182 (방배동),현대오일뱅크,02-534-0051,N,1589.0,1379.0,서초구
125,서울특별시,반포그린주유소,서울 서초구 서초중앙로 239 (반포동),GS칼텍스,02-532-5147,N,1595.0,1395.0,서초구
126,서울특별시,경일석유(주)직영삼방주유소,서울 서초구 사평대로 364 (서초동),GS칼텍스,02-3482-1094,N,1597.0,1397.0,서초구
127,서울특별시,신반포주유소,서울 서초구 사평대로 94 (반포동),SK에너지,02-533-5151,N,1598.0,1398.0,서초구
128,서울특별시,남서울주유소,서울 서초구 나루터로 83 (잠원동),GS칼텍스,02-542-1517,N,1598.0,1398.0,서초구
129,서울특별시,SK직영반포셀프주유소,서울특별시 서초구  사평대로 12 (방배동),SK에너지,02-599-5189,Y,1598.0,1398.0,서초구
130,서울특별시,크로바주유소,서울 서초구 효령로 327 (서초동),SK에너지,02-586-8100,N,1638.0,1438.0,서초구
131,서울특별시,대성산업(주)직영터미널(고속)주유소,서울 서초구 신반포로 222 (반포동),GS칼텍스,02-535-3001,N,1648.0,1448.0,서초구
132,서울특별시,대성산업(주)직영강남주유소,서울 서초구 반포대로 284 (반포동),GS칼텍스,02-594-5987,N,1648.0,1448.0,서초구
133,서울특별시,서초제일주유소,서울 서초구 사임당로 116 (서초동),SK에너지,02-587-6080,N,1673.0,1483.0,서초구
134,서울특별시,전당앞주유소,서울 서초구 남부순환로 2391 (서초동),SK에너지,02-597-2381,N,1673.0,1483.0,서초구
135,서울특별시,(주)대신성에너지,서울특별시 서초구 방배로 151 (방배동),SK에너지,02-3471-6037,N,1899.0,1743.0,서초구
136,서울특별시,대신석유㈜서원주유소,서울 서초구 반포대로 142 (서초동),SK에너지,02-599-3657,N,1978.0,1778.0,서초구
137,서울특별시,중앙주유소,서울 서초구 양재동 바우뫼로 219 (양재동),S-OIL,02-575-5110,N,1988.0,1698.0,서초구
138,서울특별시,선우상사Q엔느,서울 서초구 방배로 66 (방배동),SK에너지,02-581-5101,N,2027.0,1857.0,서초구
139,서울특별시,사평로주유소,서울 서초구 사평대로 350 (서초동),SK에너지,02-3481-2513,N,2108.0,1918.0,서초구
140,서울특별시,양재주유소,서울 서초구 바우뫼로 178 (양재동),SK에너지,02-577-1621,N,2145.0,1956.0,서초구
141,서울특별시,정호주유소,서울 성동구 고산자로 307 (마장동),자가상표,02-2297-9442,N,1513.0,1303.0,성동구
142,서울특별시,KLP제2주유소,서울특별시 성동구 동일로 249 (송정동),현대오일뱅크,02-465-5182,Y,1549.0,1339.0,성동구
143,서울특별시,아이콘주유소,서울특별시 성동구 고산자로 273 (도선동),S-OIL,02-2291-5189,N,1558.0,1338.0,성동구
144,서울특별시,도루코주유소,서울 성동구 아차산로 180 (성수동2가),GS칼텍스,02-463-6919,Y,1559.0,1349.0,성동구
145,서울특별시,현대오일뱅크(주)직영동창주유소,서울 성동구 천호대로 324 (용답동),현대오일뱅크,02-2248-3655,N,1559.0,1359.0,성동구
146,서울특별시,삼우주유소,서울 성동구 천호대로 392 (용답동),SK에너지,02-2245-8974,N,1575.0,1375.0,성동구
147,서울특별시,SK에너지(주) 군자동주유소,서울 성동구 천호대로 446 (용답동),SK에너지,02-2244-4945,N,1578.0,1378.0,성동구
148,서울특별시,경진주유소,서울 성동구 고산자로 348 (마장동),SK에너지,02-2295-3331,N,1578.0,1368.0,성동구
149,서울특별시,현대오일뱅크성수주유소,서울 성동구 뚝섬로 352 (성수동1가),현대오일뱅크,02-467-7240,N,1587.0,1399.0,성동구
150,서울특별시,현대오일뱅크(주)성동현대주유소,서울특별시 성동구  마장로 311 (마장동),현대오일뱅크,02-2299-7333,N,1594.0,1389.0,성동구
151,서울특별시,kh에너지(주)성수만세주유소,서울특별시 성동구  왕십리로 109 (성수동1가),SK에너지,02-499-8223,Y,1598.0,1408.0,성동구
152,서울특별시,SK네트웍스(주)효진주유소,1 서울특별시 성동구 동일로 129 (성수동2가),SK에너지,02-464-7252,N,1669.0,1484.0,성동구
153,서울특별시,SK세원2주유소,서울 성동구 광나루로 184 (성수동1가),SK에너지,02-462-5665,N,1678.0,1482.0,성동구
154,서울특별시,동부주유소,서울특별시 성동구  광나루로 146 (성수동1가),GS칼텍스,02-462-3566,N,1684.0,1483.0,성동구
155,서울특별시,금호주유소,서울 성동구 금호로 39 (금호동4가),GS칼텍스,02-2297-0066,N,1698.0,1498.0,성동구
156,서울특별시,동일주유소,서울 성동구 광나루로 254 (성수동2가),현대오일뱅크,02-461-7100,N,1768.0,1567.0,성동구
157,서울특별시,청계로주유소,서울 성동구 청계천로 454 (하왕십리동),SK에너지,02-2294-4225,N,1848.0,1647.0,성동구
158,서울특별시,(주)옥수하이웨이스테이션,서울 성동구 독서당로 168 (옥수동),GS칼텍스,02-2282-5151,N,1856.0,1685.0,성동구
159,서울특별시,원천주유소,서울특별시 성북구 돌곶이로 142 (장위동),알뜰주유소,02-943-1051,N,1505.0,1288.0,성북구
160,서울특별시,강산주유소,서울 성북구 보문로 27 (보문동7가),GS칼텍스,02-953-1448,N,1507.0,1303.0,성북구
161,서울특별시,신방주유소,서울특별시 성북구 안암로 111 (안암동5가),S-OIL,02-922-5151,N,1512.0,1293.0,성북구
162,서울특별시,(주)신동방석유,서울 성북구 월계로 84 (장위동),S-OIL,02-918-5151,N,1519.0,1298.0,성북구
163,서울특별시, 현대오일뱅크㈜ 직영 고대셀프주유소,서울 성북구 종암로 12 (종암동),현대오일뱅크,02-912-5151,Y,1528.0,1328.0,성북구
164,서울특별시,우리주유소,서울 성북구 화랑로 292 (석관동),현대오일뱅크,02-969-5185,Y,1528.0,1318.0,성북구
165,서울특별시,세창주유소,서울 성북구 동소문로 323 (길음동),GS칼텍스,02-988-2491,N,1529.0,1329.0,성북구
166,서울특별시,중앙에너비스 종암지점,서울 성북구 종암로 58 (종암동),SK에너지,02-912-6531,Y,1538.0,1338.0,성북구
167,서울특별시,(주)성북주유소,서울 성북구 보문로 142 (보문동1가),현대오일뱅크,02-928-4900,N,1547.0,1347.0,성북구
168,서울특별시,길음지점,서울특별시 성북구 삼양로 78 (길음동),현대오일뱅크,02-980-1311,N,1549.0,1349.0,성북구
169,서울특별시,구도일주유소화랑로,서울 성북구 화랑로 174,S-OIL,02-963-0051,N,1559.0,1359.0,성북구
170,서울특별시,SK에너지(주) 드림랜드주유소,서울특별시 성북구  월계로 128 (장위동),SK에너지,02-916-9906,N,1563.0,1358.0,성북구
171,서울특별시,(주)삼표에너지 정릉주유소,서울 성북구 보국문로 35 (정릉동),GS칼텍스,02-914-6556,Y,1568.0,1369.0,성북구
172,서울특별시,원천제1주유소,서울 성북구 보국문로 52 (정릉동),GS칼텍스,02-914-1442,Y,1568.0,1369.0,성북구
173,서울특별시,효성주유소,서울 성북구 오패산로1가길 29 (하월곡동),GS칼텍스,02-942-5150,N,1568.0,1369.0,성북구
174,서울특별시,동일주유소,서울특별시 성북구  보문로 85 (보문동5가),GS칼텍스,02-923-8484,N,1577.0,1377.0,성북구
175,서울특별시,KR누리(주) 종암주유소,서울특별시 성북구  종암로 145 (종암동),SK에너지,02-923-9908,N,1578.0,1378.0,성북구
176,서울특별시,광덕,서울 성북구 보문로 89 (보문동5가),SK에너지,02-923-5545,Y,1578.0,1378.0,성북구
177,서울특별시,화랑주유소,서울 성북구 화랑로 185 (상월곡동),GS칼텍스,02-942-5152,N,1578.0,1378.0,성북구
178,서울특별시,장삼주유소,서울 성북구 한천로 612 (장위동),SK에너지,02-909-0314,Y,1578.0,1348.0,성북구
179,서울특별시,sk네트웍스(주) 북악주유소,서울특별시 성북구  정릉로 218 (정릉동),SK에너지,02-911-5189,Y,1598.0,1399.0,성북구
180,서울특별시,sk네트웍스(주)아리랑주유소,서울특별시 성북구  아리랑로 96 (정릉동),SK에너지,02-941-5189,N,1699.0,1498.0,성북구
181,서울특별시,삼선주유소,서울특별시 성북구  창경궁로 324 (삼선동1가),S-OIL,02-766-5105,N,2095.0,1885.0,성북구
182,서울특별시,상아주유소,서울 송파구 거마로 82 (마천동),현대오일뱅크,02-409-8251,Y,1528.0,1324.0,송파구
183,서울특별시,삼화주유소,서울특별시 송파구  백제고분로 125 (잠실동),GS칼텍스,02-2203-2280,Y,1538.0,1334.0,송파구
184,서울특별시,지에스이앤알 직영 송파제일주유소,서울 송파구 삼학사로 50 (석촌동),현대오일뱅크,02-424-2900,Y,1539.0,1339.0,송파구
185,서울특별시,남성주유소,서울 송파구 백제고분로 474 (방이동),SK에너지,02-423-5128,N,1549.0,1349.0,송파구
186,서울특별시,(주)남경석유세영주유소,서울특별시 송파구  동남로 298 (오금동),GS칼텍스,02-406-7778,N,1554.0,1350.0,송파구
187,서울특별시,(주)신화에너지 서울지점,서울 송파구 가락로 47 (석촌동),SK에너지,02-2202-8484,Y,1555.0,1355.0,송파구
188,서울특별시,한강에너지(주)퍼스트주유소,서울 송파구 삼학사로 22 (석촌동),SK에너지,02-422-2834,Y,1555.0,1355.0,송파구
189,서울특별시,정직한주유소,서울특별시 송파구  오금로 455 (거여동),현대오일뱅크,02-406-4634,Y,1559.0,1359.0,송파구
190,서울특별시,구도일주유소,서울 송파구 동남로 317 (오금동),S-OIL,02-3401-5182,N,1564.0,1365.0,송파구
191,서울특별시,아시아주유소,서울 송파구 도곡로 438 (잠실동),GS칼텍스,02-416-1911,Y,1565.0,1359.0,송파구
192,서울특별시,대성주유소,서울 송파구 마천로 230 (마천동),SK에너지,02-431-1991,N,1568.0,1368.0,송파구
193,서울특별시,우리주유소,서울특별시 송파구  동남로 153 (가락동),GS칼텍스,02-3401-1588,N,1568.0,1365.0,송파구
194,서울특별시,송파알찬주유소,서울 송파구 백제고분로 229 (삼전동),S-OIL,02-3432-0028,N,1568.0,1368.0,송파구
195,서울특별시,(주)잠실에너지,서울 송파구 송파대로 442 (송파동),S-OIL,02-414-5010,Y,1574.0,1369.0,송파구
196,서울특별시,대성석유(주)석촌주유소,서울 송파구 백제고분로 289 (석촌동),GS칼텍스,02-421-0051,N,1576.0,1398.0,송파구
197,서울특별시,(주)삼표에너지 훼미리주유소,서울 송파구 중대로 58 (문정동),GS칼텍스,02-448-9252,N,1579.0,1379.0,송파구
198,서울특별시,(주)유진주유소,서울 송파구 동남로 325 (오금동),SK에너지,02-406-3956,N,1588.0,1390.0,송파구
199,서울특별시,서울주유소,서울 송파구 문정로 153 (가락동),S-OIL,02-407-0708,N,1588.0,1388.0,송파구
200,서울특별시,송파주유소,서울 송파구 송이로 28 (송파동),GS칼텍스,02-2203-3737,N,1595.0,1395.0,송파구
201,서울특별시,가든파이브주유소,서울특별시 송파구 탄천동로 740 (장지동),GS칼텍스,02-409-5145,Y,1596.0,1395.0,송파구
202,서울특별시,남성대주유소,서울 송파구 송파대로 52 (장지동),SK에너지,02-409-2211,N,1598.0,1398.0,송파구
203,서울특별시,제트라인 DM주유소,서울 송파구 중대로 183 (가락동),현대오일뱅크,02-430-5151,N,1598.0,1398.0,송파구
204,서울특별시,SK네트웍스(주)송파셀프주유소,서울특별시 송파구  거마로 5 (거여동 26-1),SK에너지,02-409-9836,Y,1598.0,1398.0,송파구
205,서울특별시,완불주유소,서울 송파구 송파대로 3 (장지동),SK에너지,02-3402-2900,N,1625.0,1425.0,송파구
206,서울특별시,방이주유소,서울특별시 송파구  위례성대로12길 38 (방이동) 방이주유소,SK에너지,02-424-3051,N,1627.0,1427.0,송파구
207,서울특별시,올림픽셀프,서울 송파구 위례성대로 188 (오금동),SK에너지,02-448-9804,Y,1628.0,1428.0,송파구
208,서울특별시,백제고분로주유소,서울 송파구 오금로 143 (방이동),SK에너지,02-2202-4050,Y,1668.0,1468.0,송파구
209,서울특별시,인광주유소,서울 송파구 송파대로 397 (석촌동),SK에너지,02-417-7111,N,1698.0,1539.0,송파구
210,서울특별시,서원주유소,서울 송파구 중대로 154 (가락동),SK에너지,02-402-5929,N,1698.0,1498.0,송파구
211,서울특별시,대신석유(주)진양주유소,서울 송파구 올림픽로 499 (풍납동),SK에너지,02-477-1906,N,1698.0,1518.0,송파구
212,서울특별시,(주)삼정석유,서울 송파구 백제고분로 252 (삼전동),GS칼텍스,02-412-5189,N,1725.0,1495.0,송파구
213,서울특별시,선우상사,서울 송파구 백제고분로 199 (삼전동),SK에너지,02-420-5101,N,1988.0,1798.0,송파구
214,서울특별시,서호주유소,서울특별시 양천구  남부순환로 317 (신월동),GS칼텍스,02-2602-5172,Y,1515.0,1410.0,양천구
215,서울특별시,가로공원주유소,서울특별시 양천구 가로공원로 165 (신월동),GS칼텍스,02-2695-3423,N,1515.0,1308.0,양천구
216,서울특별시,신신월주유소,서울특별시 양천구  신월로 193 (신월동),GS칼텍스,02-2601-7117,N,1515.0,1308.0,양천구
217,서울특별시,(주)블루에너지,서울특별시 양천구  중앙로 226 (신정동),SK에너지,02-2646-6212,Y,1515.0,1308.0,양천구
218,서울특별시,양천구주유소,서울 양천구 국회대로 275 (목동),알뜰주유소,02-2644-5105,Y,1516.0,1329.0,양천구
219,서울특별시,개나리(셀프주유소),서울 양천구 남부순환로 442 (신월동),SK에너지,02-2606-5189,Y,1519.0,1309.0,양천구
220,서울특별시,현대주유소,서울 양천구 남부순환로 372 (신월동),S-OIL,02-2608-9231,Y,1519.0,1309.0,양천구
221,서울특별시,형산석유(주)원주유소,서울 양천구 남부순환로 408,현대오일뱅크,02-2690-5837,N,1519.0,1309.0,양천구
222,서울특별시,지에스이앤알 직영 서울주유소,서울특별시 양천구 신정로 236 (신정동),GS칼텍스,02-2607-9478,N,1526.0,1319.0,양천구
223,서울특별시,현대오일뱅크㈜직영 목동셀프주유소,서울 양천구 공항대로 648 (목동),현대오일뱅크,02-2648-4204,Y,1540.0,1333.0,양천구
224,서울특별시,대농self주유소,서울 양천구 중앙로 331 (신월동),SK에너지,02-2694-4966,Y,1545.0,1324.0,양천구
225,서울특별시,(주)서부트럭터미날,서울 양천구 신정로 167 (신정동),현대오일뱅크,02-2614-0047,N,1549.0,1345.0,양천구
226,서울특별시,건지주유소,서울특별시 양천구  안양천로 1171 (목동),GS칼텍스,02-2644-5108,Y,1550.0,1325.0,양천구
227,서울특별시,(주)삼표에너지 목동주유소,서울 양천구 목동서로 129 (목동),GS칼텍스,02-2654-5153,N,1555.0,1340.0,양천구
228,서울특별시,SK에너지(주) SKOK주유소,서울특별시 양천구  안양천로 1179 (목동),SK에너지,02-2653-5189,N,1560.0,1335.0,양천구
229,서울특별시,(주)토우앤개발 신정동주유소,서울특별시 양천구 안양천로 663 (신정동),현대오일뱅크,02-2651-5189,Y,1568.0,1358.0,양천구
230,서울특별시,남부,서울특별시 양천구  남부순환로 553 (신월동),SK에너지,02-2690-5001,Y,1568.0,1388.0,양천구
231,서울특별시,양정주유소,서울특별시 양천구 국회대로 158 (신정동),현대오일뱅크,02-2691-5185,N,1597.0,1396.0,양천구
232,서울특별시,SK네트웍스 신목동셀프주유소,서울특별시 양천구  신목로7길 11 (신정동),SK에너지,02-2642-5188,N,1597.0,1421.0,양천구
233,서울특별시,양천주유소(self),서울 양천구 목동로 17 (신정동),SK에너지,02-2643-2123,Y,1598.0,1398.0,양천구
234,서울특별시,신양주유소(SK),서울 양천구 지양로 67 (신월동),SK에너지,02-2608-3312,N,1629.0,1399.0,양천구
235,서울특별시,SK에너지(주) 경인주유소,서울 양천구 국회대로 170 (신정동),SK에너지,02-2693-4994,N,1629.0,1427.0,양천구
236,서울특별시,SK에너지(주) 신평,서울 양천구 목동남로 62 (신정동),SK에너지,02-2654-5145,N,1667.0,1479.0,양천구
237,서울특별시,평화주유소,서울 양천구 안양천로 657 (신정동),SK에너지,02-2647-2122,N,1827.0,1626.0,양천구
238,서울특별시,코리아,서울특별시 양천구  신목로7길 1 (신정동),SK에너지,02-2646-6121,N,1998.0,1723.0,양천구
239,서울특별시,수유동주유소,서울특별시 강북구  도봉로 395 (수유동),GS칼텍스,02-902-9470,Y,1507.0,1297.0,강북구
240,서울특별시,현대오일뱅크(주)직영 번동셀프주유소,서울 강북구 한천로 963 (번동),현대오일뱅크,02-992-3331,Y,1519.0,1319.0,강북구
241,서울특별시,(주)에프알엔디 직영 송정주유소,서울특별시 강북구 인수봉로 185 (수유동),SK에너지,02-993-5189,N,1519.0,1309.0,강북구
242,서울특별시,태창에너지 좋은기름주유소,서울특별시 강북구  덕릉로 158 (번동),S-OIL,02-989-9806,N,1519.0,1319.0,강북구
243,서울특별시,현대오일뱅크(주)직영 미아셀프주유소,서울특별시 강북구 도봉로 200 (미아동),현대오일뱅크,02-945-7999,Y,1519.0,1309.0,강북구
244,서울특별시,세종에너지 직영 세종주유소,서울특별시 강북구 삼양로 410 (수유동),S-OIL,02-907-5182,Y,1519.0,1309.0,강북구
245,서울특별시,세원주유소,서울 강북구 한천로 918 (번동),SK에너지,02-907-6890,Y,1519.0,1319.0,강북구
246,서울특별시,지에스이앤알 직영 미아주유소,서울특별시 강북구  도봉로 122 (미아동),GS칼텍스,02-987-5152,Y,1519.0,1309.0,강북구
247,서울특별시,에덴주유소,서울 강북구 월계로 195 (번동),S-OIL,02-987-8182,N,1528.0,1318.0,강북구
248,서울특별시,새한주유소,서울특별시 강북구  도봉로 75 (미아동),SK에너지,02-985-4382,Y,1548.0,1368.0,강북구
249,서울특별시,대성석유(주)신광주유소,서울 강북구 삼양로 484 (수유동),GS칼텍스,02-908-3320,N,1559.0,1359.0,강북구
250,서울특별시,SK매일주유소,서울특별시 강북구  삼양로 217 (미아동),SK에너지,02-982-8855,Y,1568.0,1368.0,강북구
251,서울특별시,성락주유소,서울 영등포구 가마산로 414 (신길동),S-OIL,02-842-6148,Y,1498.0,1298.0,영등포구
252,서울특별시,(주)블루에너지,서울특별시 영등포구  가마산로 367 (대림동),SK에너지,02-843-5151,Y,1498.0,1298.0,영등포구
253,서울특별시,(주)대청에너지 대청주유소,서울 영등포구 가마산로 328 (대림동),GS칼텍스,02-841-8780,N,1498.0,1298.0,영등포구
254,서울특별시,한경석유(주)경덕주유소,서울 영등포구 여의대방로23길 2 (신길동),SK에너지,02-843-3900,Y,1508.0,1308.0,영등포구
255,서울특별시,(주)강서오일,서울 영등포구 도신로 151 (도림동),현대오일뱅크,02-832-1700,N,1509.0,1309.0,영등포구
256,서울특별시,도림주유소,서울 영등포구 도림로 343 (도림동),알뜰주유소,02-835-8881,Y,1509.0,1309.0,영등포구
257,서울특별시,(주)MS주유소, 서울특별시 영등포구 대림로 230 (대림동),현대오일뱅크,02-849-5577,N,1509.0,1309.0,영등포구
258,서울특별시,신길주유소,서울특별시 영등포구 신길로 74 (신길동),GS칼텍스,02-833-1113,Y,1509.0,1309.0,영등포구
259,서울특별시,씨앤에스유통 한성주유소,서울특별시 영등포구  여의대방로 227 (신길동),S-OIL,02-849-5180,N,1525.0,1325.0,영등포구
260,서울특별시,행촌주유소,서울 영등포구 도신로 130 (신길동),SK에너지,070-7758-5189,N,1527.0,1337.0,영등포구
261,서울특별시,매봉주유소,서울 영등포구 도신로 248 (신길동),현대오일뱅크,02-836-8851,Y,1527.0,1337.0,영등포구
262,서울특별시,모드니주유소,서울 영등포구 경인로 789 (문래동3가),GS칼텍스,02-2637-7788,N,1538.0,1338.0,영등포구
263,서울특별시,sk여명주유소,서울특별시 영등포구  국회대로62길 7 (여의도동),SK에너지,02-782-5111,N,1544.0,1354.0,영등포구
264,서울특별시,SK네트웍스(주) 영등포행복SELF주유소,서울특별시 영등포구 선유로 114(양평동1가),SK에너지,02-2069-1045,Y,1548.0,1358.0,영등포구
265,서울특별시,보라주유소,서울특별시 영등포구  영등포로 399 (신길동),GS칼텍스,02-842-1155,N,1548.0,1357.0,영등포구
266,서울특별시,대일주유소,서울 영등포구 영등포로 168 (당산동1가),현대오일뱅크,02-2068-8700,N,1568.0,1369.0,영등포구
267,서울특별시,화일주유소,서울특별시 영등포구  도림로 415 (문래동2가),GS칼텍스,02-2633-5546,N,1568.0,1378.0,영등포구
268,서울특별시,(주)한미석유 제2한강주유소,서울 영등포구 선유로 260 (양평동4가),GS칼텍스,02-2633-2716,Y,1568.0,1368.0,영등포구
269,서울특별시,SK에너지(주) 신길동주유소,서울 영등포구 영등포로 348 (신길동),SK에너지,02-843-0481,N,1569.0,1367.0,영등포구
270,서울특별시,SK에너지(주) 양평주유소,서울 영등포구 선유로 195 (양평동3가),SK에너지,02-2633-1013,Y,1578.0,1378.0,영등포구
271,서울특별시,SK네트웍스(주)직영기린주유소,서울 영등포구 선유로 270 (양평동4가),SK에너지,02-2671-5182,Y,1598.0,1398.0,영등포구
272,서울특별시,대영주유소,서울 영등포구 국회대로 632 (영등포동7가),GS칼텍스,02-2672-1152,Y,1640.0,1445.0,영등포구
273,서울특별시,양평주유소,서울 영등포구 양평로 141 (양평동5가),GS칼텍스,02-2671-5223,N,1640.0,1529.0,영등포구
274,서울특별시,선익개발영등포주유소,서울 영등포구 경인로114길 2 (영등포동1가),SK에너지,02-2678-1332,N,1699.0,1475.0,영등포구
275,서울특별시,한일주유소,서울 영등포구 도림로 486 (문래동3가),SK에너지,02-2679-1794,N,1745.0,1565.0,영등포구
276,서울특별시,대지주유소,서울 영등포구 영등포로 115 (당산동2가),SK에너지,02-2633-3545,N,1759.0,1559.0,영등포구
277,서울특별시,성원이앤에스(주)영등포지점,서울특별시 영등포구  국회대로52길 9-13 (영등포동7가),GS칼텍스,02-2635-7781,N,1797.0,1598.0,영등포구
278,서울특별시,남부(영등포),서울 영등포구 경인로 822 (영등포동),SK에너지,02-2678-0503,N,1798.0,1598.0,영등포구
279,서울특별시,국회대로주유소,서울특별시 영등포구  국회대로 746 (여의도동),GS칼텍스,02-761-5122,N,1812.0,1647.0,영등포구
280,서울특별시,SK네트웍스직영여의도주유소,서울 영등포구 의사당대로 154 (여의도동),SK에너지,02-780-3466,N,1849.0,1651.0,영등포구
281,서울특별시,KH여의도주유소,서울 영등포구 국회대로 794 (여의도동),SK에너지,02-761-5101,N,1866.0,1646.0,영등포구
282,서울특별시,버드나룻길주유소,서울 영등포구 버드나루로 111 (당산동),SK에너지,02-2634-5104,N,1870.0,1680.0,영등포구
283,서울특별시,SK네트윅스(주)윈윈주유소,서울 영등포구 가마산로 379 (대림동),SK에너지,02-847-5151,N,1870.0,1625.0,영등포구
284,서울특별시,SJ오일(주) 여의도주유소,서울특별시 영등포구  은행로 64 (여의도동) SJ오일(주) 여의도주유소,GS칼텍스,02-785-8201,N,1885.0,1685.0,영등포구
285,서울특별시,(주)한독모터스용산뉴타운주유소,서울 용산구 한강대로 48 (한강로3가),GS칼텍스,02-796-4635,N,1598.0,1398.0,용산구
286,서울특별시,용일주유소,서울특별시 용산구  한강대로 37 (한강로3가),GS칼텍스,02-793-7111,N,1628.0,1428.0,용산구
287,서울특별시,(주)영원 풍기주유소,서울 용산구 원효로 178 (원효로2가),GS칼텍스,02-719-2202,N,1889.0,1688.0,용산구
288,서울특별시,수림석유 제3한강주유소,서울특별시 용산구  한남대로 45 (한남동),GS칼텍스,02-795-3180,N,1899.0,1769.0,용산구
289,서울특별시,(주)신태성주유소,서울 용산구 원효로 147 (원효로3가),SK에너지,02-701-9447,N,1899.0,1699.0,용산구
290,서울특별시,한국석유공업(주),서울 용산구 이촌로 164 (이촌동),SK에너지,02-799-3160,N,1922.0,1717.0,용산구
291,서울특별시,(주)남경주유소,서울 용산구 녹사평대로11길 24 (서빙고동),SK에너지,02-793-2954,N,1924.0,1763.0,용산구
292,서울특별시,동자동 주유소,서울 용산구 한강대로104길 6 (동자동),SK에너지,02-754-9843,N,1989.0,1789.0,용산구
293,서울특별시,서계주유소,서울특별시 용산구  청파로 367 (서계동),GS칼텍스,02-706-6485,N,1997.0,1789.0,용산구
294,서울특별시,소월길주유소,서울 용산구 소월로 66 (후암동),SK에너지,02-318-3314,N,1998.0,1798.0,용산구
295,서울특별시,에너비스,서울 용산구 한남대로21길 4 (한남동),SK에너지,02-795-8484,N,2118.0,1928.0,용산구
296,서울특별시,한남지점,서울 용산구 한남대로21길 4 (한남동),SK에너지,02-793-0162,N,2118.0,1928.0,용산구
297,서울특별시,흥국주유소,서울 용산구 한남대로 204 (한남동),SK에너지,02-795-0802,N,2133.0,1958.0,용산구
298,서울특별시,강변주유소,서울특별시 용산구  원효로 9 (청암동),SK에너지,02-712-7124,N,2136.0,1974.0,용산구
299,서울특별시,갈월동주유소,서울특별시 용산구  한강대로 322 (갈월동),SK에너지,02-754-5217,N,2136.0,1958.0,용산구
300,서울특별시,타이거주유소,서울 은평구 수색로 188 (증산동),SK에너지,02-309-9145,N,1494.0,1294.0,은평구
301,서울특별시,(주)명연에너지 수색훼미리주유소,서울 은평구 수색로 236 (수색동),현대오일뱅크,02-374-8770,Y,1497.0,1297.0,은평구
302,서울특별시,수색뉴타운,서울특별시 은평구  수색로 350 (수색동),GS칼텍스,02-309-5051,Y,1512.0,1312.0,은평구
303,서울특별시,불광주유소,서울 은평구 연서로 314 (불광동),현대오일뱅크,02-382-5149,N,1524.0,1324.0,은평구
304,서울특별시,신사제일주유소,서울특별시 은평구  증산로 423 (신사동),GS칼텍스,02-308-4333,N,1524.0,1324.0,은평구
305,서울특별시,다회주유소,서울 은평구 증산로 441 (신사동),S-OIL,02-375-5156,Y,1524.0,1324.0,은평구
306,서울특별시,무궁화주유소,서울특별시 은평구 응암로 163 (응암동),SK에너지,02-304-5188,N,1527.0,1327.0,은평구
307,서울특별시,뉴타운셀프주유소,서울특별시 은평구  통일로 1031,S-OIL,02-355-3055,Y,1529.0,1329.0,은평구
308,서울특별시,은평뉴타운주유소,서울 은평구 통일로 924 (불광동),SK에너지,02-355-0349,Y,1531.0,1334.0,은평구
309,서울특별시,성원이앤에스(주)은평지점,서울특별시 은평구 통일로 968 (진관동),GS칼텍스,02-352-4451,N,1531.0,1334.0,은평구
310,서울특별시,서부주유소,서울특별시 은평구 응암로 210 (응암동),GS칼텍스,02-302-6041,Y,1539.0,1339.0,은평구
311,서울특별시,박석고개주유소,서울 은평구 통일로 945 (갈현동),SK에너지,02-388-0477,Y,1543.0,1334.0,은평구
312,서울특별시,(주)에스지주유소,서울 은평구 증산로 371 (신사동),현대오일뱅크,02-304-5182,N,1548.0,1348.0,은평구
313,서울특별시,갈현주유소,서울 은평구 갈현로 197 (갈현동),현대오일뱅크,02-389-9005,N,1556.0,1345.0,은평구
314,서울특별시,녹번주유소,서울특별시 은평구  통일로 600 (녹번동),GS칼텍스,02-385-5002,N,1558.0,1352.0,은평구
315,서울특별시,대성산업(주)대성주유소,서울 은평구 통일로 642 (녹번동),GS칼텍스,02-355-3434,N,1558.0,1352.0,은평구
316,서울특별시,코끼리주유소,서울 은평구 서오릉로 41 (녹번동),자가상표,02-384-4000,N,1598.0,1398.0,은평구
317,서울특별시,SK네트웍스(주)은평드림주유소, 서울특별시 은평구 통일로 1151 (진관동),SK에너지,02-354-5182,N,1599.0,1399.0,은평구
318,서울특별시,삼융주유소,서울 은평구 수색로 299 (수색동),SK에너지,02-307-3314,N,1798.0,1598.0,은평구
319,서울특별시,(주)지에스이앤알 평창주유소,서울특별시 종로구 평창문화로 135 (평창동),현대오일뱅크,02-391-5185,N,1639.0,1439.0,종로구
320,서울특별시,구도일주유소특종,서울특별시 종로구 평창문화로 90 (평창동),S-OIL,02-379-6524,N,1699.0,1499.0,종로구
321,서울특별시,자하문주유소,서울 종로구 자하문로 248 (부암동),SK에너지,02-396-5252,N,1890.0,1690.0,종로구
322,서울특별시,SK북악주유소,서울 종로구 평창문화로 137 (평창동),SK에너지,02-395-6500,N,1960.0,1760.0,종로구
323,서울특별시,(주)마봉 안풍주유소,서울특별시 종로구  자하문로 303 (홍지동),S-OIL,02-396-5055,N,1960.0,1760.0,종로구
324,서울특별시,경복궁주유소,서울 종로구 율곡로 6 (중학동),GS칼텍스,02-6016-6981,N,1998.0,1913.0,종로구
325,서울특별시,(주)중앙에너비스혜화주유소,서울 종로구 창경궁로35길 1 (혜화동),SK에너지,070-8707-4563,N,2118.0,1928.0,종로구
326,서울특별시,(주)대양씨앤씨,서울 종로구 사직로 65 (사직동),GS칼텍스,02-735-4858,N,2118.0,1926.0,종로구
327,서울특별시,재동주유소,서울특별시 종로구  율곡로 58 (경운동),SK에너지,02-732-3968,N,2124.0,1958.0,종로구
328,서울특별시,세화주유소,서울특별시 중구  왕십리로 403 (신당동),자가상표,02-2234-3451,N,1575.0,1338.0,중구
329,서울특별시,현대오일뱅크장원주유소,서울 중구 동호로 203 (신당동),현대오일뱅크,02-2236-2759,N,1758.0,1578.0,중구
330,서울특별시,화성주유소,서울특별시 중구  다산로 233 (무학동),S-OIL,02-2252-2210,N,1758.0,1568.0,중구
331,서울특별시,신당동주유소,서울 중구 다산로 242 (신당동),SK에너지,02-2252-6688,N,1948.0,1748.0,중구
332,서울특별시,SC(주) 역전주유소,서울특별시 중구  퇴계로 15 (남대문로5가),GS칼텍스,02-752-6880,N,1999.0,1947.0,중구
333,서울특별시,초동주유소,서울시 중구 마른내로 31 (초동),GS칼텍스,02-2266-6741,N,1999.0,1947.0,중구
334,서울특별시,약수주유소,서울 중구 다산로 173 (신당동),GS칼텍스,02-2252-3345,N,2097.0,1896.0,중구
335,서울특별시,주)중앙에너비스 퇴계로지점,서울특별시 중구  퇴계로 228 (필동2가),SK에너지,070-8707-4562,N,2118.0,1929.0,중구
336,서울특별시,필동주유소,서울특별시 중구  퇴계로 196 (필동2가),GS칼텍스,02-2267-8025,N,2119.0,1939.0,중구
337,서울특별시,통일주유소,서울 중구 동호로 296 (장충동2가),SK에너지,02-2285-5151,N,2126.0,1958.0,중구
338,서울특별시,서남주유소,서울 중구 통일로 30 (봉래동1가),SK에너지,02-752-2262,N,2143.0,1959.0,중구
339,서울특별시,장충주유소,서울 중구 장충단로 202 (장충동1가),SK에너지,02-2279-9965,N,2147.0,1968.0,중구
340,서울특별시,대양주유소,서울 중랑구 봉우재로 105 (상봉동),GS칼텍스,02-437-5457,N,1525.0,1320.0,중랑구
341,서울특별시,망우주유소(self),서울 중랑구 망우로 311 (상봉동),GS칼텍스,02-432-5145,Y,1525.0,1320.0,중랑구
342,서울특별시,우림주유소,서울 중랑구 용마산로 487 (망우동),GS칼텍스,02-433-9990,N,1525.0,1325.0,중랑구
343,서울특별시,오천만주유소,서울 중랑구 동일로 547 (면목동),알뜰주유소,070-7797-7474,N,1527.0,1319.0,중랑구
344,서울특별시,대원주유소,서울 중랑구 동일로 600 (면목동),GS칼텍스,02-438-6111,Y,1527.0,1325.0,중랑구
345,서울특별시,구도일주유소 동천,서울특별시 중랑구  동일로 654 (면목동),S-OIL,02-495-0081,N,1527.0,1325.0,중랑구
346,서울특별시,신일셀프주유소,서울 중랑구 상봉로 58 (망우동),SK에너지,02-436-3651,Y,1528.0,1328.0,중랑구
347,서울특별시,현대오일뱅크(주)대창주유소,서울 중랑구 동일로 636 (면목동),현대오일뱅크,02-432-9200,N,1545.0,1335.0,중랑구
348,서울특별시,범아주유소(주),서울 중랑구 동일로 881 (묵동),S-OIL,02-974-8356,N,1549.0,1339.0,중랑구
349,서울특별시,용마로주유소,서울특별시 중랑구  용마산로 309 (면목동),SK에너지,02-439-3039,Y,1549.0,1339.0,중랑구
350,서울특별시,GS칼텍스직영소망주유소,서울특별시 중랑구  망우로 475 (망우동),GS칼텍스,02-494-0400,Y,1556.0,1345.0,중랑구
351,서울특별시,신내주유소,서울 중랑구 용마산로 705 (신내동),SK에너지,02-2207-0523,Y,1558.0,1349.0,중랑구
352,서울특별시,(주)기지에너지,서울 중랑구 용마산로 716 (신내동),S-OIL,02-2207-9419,N,1559.0,1349.0,중랑구
353,서울특별시,중랑교,서울 중랑구 망우로 229 (중화동),SK에너지,02-493-0115,Y,1569.0,1349.0,중랑구
354,서울특별시,SK네트웍스(주)SELF상봉주유소,서울특별시 중랑구  망우로62길 8 (망우동),SK에너지,02-2208-2546,Y,1569.0,1349.0,중랑구
355,서울특별시,구도일주유소,서울 중랑구 망우로 170 (상봉동),S-OIL,02-438-5151,N,1569.0,1358.0,중랑구
356,서울특별시,면목주유소,서울 중랑구 동일로 627 (면목동),S-OIL,02-437-4072,N,1579.0,1369.0,중랑구
357,서울특별시,유성주유소(self),서울 중랑구 망우로 436 (망우동),현대오일뱅크,02-496-3000,Y,1619.0,1418.0,중랑구
358,서울특별시,강서오곡셀프주유소,서울특별시 강서구 벌말로 254 (오곡동),SK에너지,032-671-5186,Y,1505.0,1280.0,강서구
359,서울특별시,유턴주유소,서울특별시 강서구 남부순환로 57,알뜰주유소,02-2665-5047,N,1508.0,1308.0,강서구
360,서울특별시,방화주유소,서울 강서구 방화동로 58-2 (방화동),SK에너지,02-2662-0503,N,1514.0,1314.0,강서구
361,서울특별시,뉴신정주유소,서울특별시 강서구 곰달래로39길 10 (화곡동),알뜰주유소,02-2065-8832,N,1514.0,1307.0,강서구
362,서울특별시,화곡역주유소,서울특별시 강서구  강서로 154 (화곡동),알뜰주유소,02-2691-5151,N,1514.0,1316.0,강서구
363,서울특별시,목화주유소,서울특별시 강서구  국회대로 251 (화곡동),SK에너지,02-2654-4564,Y,1516.0,1337.0,강서구
364,서울특별시,경인고속주유소,서울특별시 강서구 국회대로 225 (화곡동),GS칼텍스,02-2608-5151,Y,1516.0,1329.0,강서구
365,서울특별시,대림에너지(주)덕양제6주유소,서울특별시 강서구  개화동로 422 (개화동),현대오일뱅크,02-2064-9256,Y,1517.0,1317.0,강서구
366,서울특별시,개화주유소,서울특별시 강서구  양천로 57 (방화동) SK개화주유소,SK에너지,02-2661-5555,Y,1527.0,1327.0,강서구
367,서울특별시,대성석유(주) 마곡대성주유소,서울특별시 강서구 강서로 457(마곡동),GS칼텍스,02-3664-7781,Y,1546.0,1348.0,강서구
368,서울특별시,우장산주유소,서울특별시 강서구  강서로 292 (내발산동),SK에너지,02-3664-7163,N,1546.0,1336.0,강서구
369,서울특별시,(주)발산주유소,서울 강서구 강서로 291 (내발산동),현대오일뱅크,02-2665-7277,N,1546.0,1336.0,강서구
370,서울특별시,현대오일뱅크 등촌주유소,서울특별시 강서구 등촌로 189 (등촌동),현대오일뱅크,02-2647-5700,N,1547.0,1337.0,강서구
371,서울특별시,스카이주유소,서울 강서구 개화동로 457 (방화동),S-OIL,02-2663-5146,N,1547.0,1347.0,강서구
372,서울특별시,대성석유(주)방화대성주유소,서울특별시 강서구 양천로 176(마곡동),GS칼텍스,02-3663-7781,Y,1548.0,1348.0,강서구
373,서울특별시,대성석유(주)직영관문주유소,서울특별시 강서구  공항대로 314 (내발산동),GS칼텍스,02-3665-2051,N,1556.0,1365.0,강서구
374,서울특별시,대성주유소,서울 강서구 강서로 472 (등촌동),GS칼텍스,02-3661-6102,N,1556.0,1368.0,강서구
375,서울특별시,㈜한진 김포공항주유소,서울특별시 강서구 하늘길 259(외발산동),S-OIL,02-2662-0422,Y,1557.0,1358.0,강서구
376,서울특별시,현대오일뱅크(주)가양주유소,서울특별시 강서구  양천로 391 (가양동),현대오일뱅크,02-3661-9470,N,1558.0,1358.0,강서구
377,서울특별시,현대오일뱅크양화교주유소,서울 강서구 공항대로 653 (염창동),현대오일뱅크,02-3665-2004,N,1568.0,1368.0,강서구
378,서울특별시,KH에너지(주)직영 수명산주유소,서울특별시 강서구  남부순환로 195 (내발산동),SK에너지,02-2661-3355,N,1568.0,1358.0,강서구
379,서울특별시,세원1주유소,서울 강서구 양천로 311 (가양동),SK에너지,02-3663-5151,Y,1568.0,1368.0,강서구
380,서울특별시,해바라기,서울 강서구 화곡로 273 (화곡동),SK에너지,02-2695-4544,Y,1571.0,1382.0,강서구
381,서울특별시,강서열린점,서울 강서구 등촌로 213 (등촌동),GS칼텍스,02-2647-9091,N,1578.0,1368.0,강서구
382,서울특별시,박물관주유소,서울 강서구 양천로53길 97 (가양동),GS칼텍스,02-3665-5189,N,1578.0,1410.0,강서구
383,서울특별시,SK에너지(주) 가양주유소,서울 강서구 강서로 498 (가양동),SK에너지,02-3664-6051,N,1588.0,1378.0,강서구
384,서울특별시,신화곡주유소,서울특별시 강서구  국회대로 71 (화곡동),S-OIL,02-2611-3161,N,1598.0,1397.0,강서구
385,서울특별시,화곡현대주유소,서울 강서구 강서로 151 (화곡동),SK에너지,02-2607-1942,N,1598.0,1398.0,강서구
386,서울특별시,진일주유소,서울 강서구 공항대로 533 (염창동),SK에너지,02-3664-0547,Y,1598.0,1398.0,강서구
387,서울특별시,하이웨이주유소,서울 강서구 공항대로 432 (화곡동),S-OIL,02-2605-4000,N,1628.0,1428.0,강서구
388,서울특별시,참솔에너지,서울 강서구 벌말로 281 (오곡동),S-OIL,070-8844-8282,Y,1632.0,1432.0,강서구
389,서울특별시,코리나(주)청룡주유소,서울 강서구 양천로 576 (등촌동),SK에너지,02-36611575,N,1638.0,1428.0,강서구
390,서울특별시,동양석유주식회사,서울 강서구 양천로 715 (염창동),GS칼텍스,02-3663-8550,N,1779.0,1569.0,강서구
391,서울특별시,염창동주유소,서울 강서구 양천로 720 (염창동),SK에너지,02-3664-4134,N,1857.0,1637.0,강서구
392,서울특별시,SK네트웍스에어포트주유소,서울특별시 강서구 개화동로 519 (방화동),SK에너지,02-2664-1900,N,1898.0,1590.0,강서구
393,서울특별시,(주)보성 세곡주유소,서울특별시 강남구  헌릉로 731 (세곡동),SK에너지,02-445-6870,Y,1568.0,1365.0,강남구
394,서울특별시,SK서광주유소,서울 강남구 역삼로 142 (역삼동),SK에너지,02-562-4855,Y,1585.0,1385.0,강남구
395,서울특별시,(주)정원이디에쓰 산성주유소,서울 강남구 헌릉로 730 (세곡동),GS칼텍스,02-2226-4963,Y,1588.0,1385.0,강남구
396,서울특별시, 현대오일뱅크㈜ 직영 도곡셀프주유소,서울특별시 강남구  남부순환로 2718 (도곡동),현대오일뱅크,02-529-5101,Y,1588.0,1386.0,강남구
397,서울특별시,에스제이에너지(주) 개포주유소,서울 강남구 양재대로 339 (개포동),GS칼텍스,02-573-9031,N,1598.0,1398.0,강남구
398,서울특별시,현대오일뱅크(주)유진주유소,서울 강남구 논현로 152 (도곡동),현대오일뱅크,02-3462-5215,N,1608.0,1410.0,강남구
399,서울특별시,방죽주유소,서울특별시 강남구 밤고개로 215 (율현동),S-OIL,02-459-3434,Y,1609.0,1399.0,강남구
400,서울특별시,(주)동하힐탑셀프주유소,서울 강남구 논현로 640 (논현동),SK에너지,02-544-4075,Y,1617.0,1415.0,강남구
401,서울특별시,(주)한진 도곡주유소,서울특별시 강남구  도곡로 162 (도곡동),S-OIL,02-2058-3024,N,1620.0,1410.0,강남구
402,서울특별시,청명주유소,서울특별시 강남구  역삼로 205 (역삼동),SK에너지,02-557-5189,N,1620.0,1398.0,강남구
403,서울특별시,대동석유 압구정주유소,서울특별시 강남구  언주로 842 (신사동),SK에너지,02-545-6161,Y,1628.0,1423.0,강남구
404,서울특별시,제이에이치에너지개나리주유소,서울특별시 강남구  언주로 423 (역삼동),GS칼텍스,02-564-0186,N,1632.0,1397.0,강남구
405,서울특별시,주식회사 논현에너지,서울 강남구 학동로 229 (논현동),GS칼텍스,02-3443-9545,N,1633.0,1428.0,강남구
406,서울특별시,주)중앙에너비스 수서지점,서울특별시 강남구  광평로 202 (수서동),SK에너지,070-8707-4582,Y,1635.0,1438.0,강남구
407,서울특별시,sk네트웍스(주)매봉주유소,서울특별시 강남구  언주로 307 (역삼동) 매봉주유소,SK에너지,02-556-5510,Y,1639.0,1418.0,강남구
408,서울특별시,삼성로주유소,서울특별시 강남구  삼성로 563 (삼성동),GS칼텍스,02-538-5138,Y,1639.0,1437.0,강남구
409,서울특별시,은마주유소,서울 강남구 영동대로 235 (대치동),GS칼텍스,02-3452-1882,N,1639.0,1438.0,강남구
410,서울특별시,역삼주유소,서울특별시 강남구  논현로 426 (역삼동),GS칼텍스,02-548-5145,N,1643.0,1399.0,강남구
411,서울특별시,자곡셀프주유소,서울특별시 강남구  밤고개로 120 (자곡동),SK에너지,02-445-5841,Y,1649.0,1449.0,강남구
412,서울특별시,일원주유소,서울 강남구 양재대로55길 3 (일원동),S-OIL,02-2226-5188,Y,1698.0,1468.0,강남구
413,서울특별시,동일석유(주)직영남부주유소,서울 강남구 선릉로 34 (개포동),SK에너지,02-576-7447,N,1748.0,1548.0,강남구
414,서울특별시,(주)새서울석유,서울 강남구 압구정로 154 (신사동),현대오일뱅크,02-543-1154,N,1767.0,1573.0,강남구
415,서울특별시,대교주유소,서울 강남구 강남대로 640 (신사동),SK에너지,02-512-5521,N,1780.0,1580.0,강남구
416,서울특별시,현대오일뱅크(주),서울 강남구 도산대로 163 (신사동),현대오일뱅크,02-546-2182,N,1798.0,1598.0,강남구
417,서울특별시,(주)소모에너지엔테크놀러지쎈트럴주유소,서울 강남구 삼성로 335 (대치동),GS칼텍스,02-565-0267,N,1855.0,1648.0,강남구
418,서울특별시,논현주유소,서울 강남구 논현로 747 (논현동),SK에너지,02-511-0955,N,1865.0,1651.0,강남구
419,서울특별시,현대오일뱅크(주)직영 한양주유소,서울 강남구 압구정로 302 (신사동),현대오일뱅크,02-3444-0804,N,1890.0,1598.0,강남구
420,서울특별시,대청주유소,서울 강남구 개포로 654 (일원동),SK에너지,02-445-5500,N,1896.0,1659.0,강남구
421,서울특별시,대성석유(주)동호주유소,서울특별시 강남구  봉은사로113길 51 (삼성동),GS칼텍스,02-545-0720,N,1897.0,1697.0,강남구
422,서울특별시,지에스타워주유소,서울특별시 강남구  논현로 516 (역삼동),GS칼텍스,02-539-5145,N,1937.0,1738.0,강남구
423,서울특별시,명품주유소,서울 강남구 도곡로 249 (역삼동),S-OIL,02-501-1256,N,1973.0,1753.0,강남구
424,서울특별시,학여울주유소,서울 강남구 남부순환로 3170 (대치동),GS칼텍스,02-3411-3271,N,1980.0,1771.0,강남구
425,서울특별시,주성주유소,서울특별시 강남구  영동대로 716 (청담동),GS칼텍스,02-518-3460,N,1998.0,1798.0,강남구
426,서울특별시,sk네트웍스(주)진달래주유소,서울특별시 강남구  도곡로 208 (도곡동),SK에너지,02-3462-0018,N,1999.0,1829.0,강남구
427,서울특별시,(주)만정에너지,서울 강남구 봉은사로 433 (삼성동),GS칼텍스,02-518-5141,N,1999.0,1927.0,강남구
428,서울특별시,금성,서울 강남구 테헤란로 619 (삼성동),SK에너지,02-508-6572,N,2026.0,1829.0,강남구
429,서울특별시,선우상사,서울 강남구 남부순환로 2651 (도곡동),SK에너지,02-3462-5100,N,2048.0,1897.0,강남구
430,서울특별시,경원주유소,서울 강남구 도산대로 428 (청담동),S-OIL,02-517-1957,N,2075.0,1887.0,강남구
431,서울특별시,갤러리아주유소,서울 강남구 압구정로 426 (청담동),SK에너지,02-540-4965,N,2080.0,1889.0,강남구
432,서울특별시,동우주유소,서울특별시 강남구  봉은사로 311 (논현동),SK에너지,02-542-6726,N,2125.0,1928.0,강남구
433,서울특별시,오천주유소,서울 강남구 봉은사로 503 (삼성동),SK에너지,02-545-2822,N,2127.0,1929.0,강남구
434,서울특별시,삼성주유소,서울 강남구 삼성로 521 (삼성동),SK에너지,02-538-0809,N,2127.0,1929.0,강남구
435,서울특별시,뉴서울(강남),서울 강남구 언주로 716 (논현동),SK에너지,02-518-5631,N,2160.0,1970.0,강남구
436,서울특별시,(주)엠오티이엔지 직영 삼화주유소,서울특별시 관악구 보라매로 41 (봉천동),알뜰주유소,02-889-8929,N,1518.0,1318.0,관악구
437,서울특별시,(주)연우에너지 신관주유소,서울특별시 관악구  신림로 290 (신림동) 신관주유소,GS칼텍스,02-871-1356,Y,1548.0,1348.0,관악구
438,서울특별시,(주)한유에너지행운셀프주유소,서울 관악구 남부순환로 1883 (봉천동),SK에너지,02-871-5189,Y,1556.0,1369.0,관악구
439,서울특별시,대양석유(주)직영 보라매주유소,서울특별시 관악구  보라매로 26 (봉천동),SK에너지,02-882-5189,Y,1558.0,1358.0,관악구
440,서울특별시,남현주유소,서울 관악구 남부순환로 2014 (남현동),현대오일뱅크,02-521-4200,N,1559.0,1349.0,관악구
441,서울특별시,서일석유(주)락성주유소,서울 관악구 남부순환로 1920 (봉천동),GS칼텍스,02-877-0867,Y,1559.0,1349.0,관악구
442,서울특별시,현대주유소,서울 관악구 난곡로 108 (신림동),현대오일뱅크,02-851-9200,N,1579.0,1379.0,관악구
443,서울특별시,난곡주유소,서울 관악구 난곡로 206 (신림동),GS칼텍스,02-858-2003,N,1579.0,1379.0,관악구
444,서울특별시,대공원주유소,서울특별시 관악구  과천대로 921 (남현동),SK에너지,02-584-2522,N,1579.0,1369.0,관악구
445,서울특별시,관악시몬주유소,서울특별시 관악구 남부순환로 1753 (봉천동),S-OIL,02-874-5185,N,1588.0,1378.0,관악구
446,서울특별시,한규상사 유정주유소,서울 관악구 남부순환로 1691 (봉천동),SK에너지,02-882-1154,N,1597.0,1387.0,관악구
447,서울특별시,유림주유소,서울 관악구 신림로 176 (신림동),S-OIL,02-887-5145,N,1598.0,1398.0,관악구
448,서울특별시,서울셀프주유소,서울특별시 관악구  신림로 183 (신림동),SK에너지,02-888-5189,Y,1599.0,1399.0,관악구
449,서울특별시,문성골주유소,서울 관악구 문성로 97 (신림동),현대오일뱅크,02-839-0081,N,1628.0,1398.0,관악구
450,서울특별시,SK에너지(주) 신봉천,서울 관악구 남부순환로 1880 (봉천동),SK에너지,02-885-5913,N,1677.0,1477.0,관악구
451,서울특별시,씨제이대한통운(주)서울지점,서울특별시 관악구 남부순환로 1515 (신림동),GS칼텍스,02-2632-8612,N,1678.0,1478.0,관악구
452,서울특별시,SK네트웍스직영 관악로주유소,서울 관악구 관악로 260 (봉천동),SK에너지,02-883-3131,N,1790.0,1657.0,관악구
453,서울특별시,용마주유소,서울 광진구 용마산로 68 (중곡동),GS칼텍스,02-456-1884,N,1525.0,1315.0,광진구
454,서울특별시,대원주유소,서울 광진구 용마산로 122 (중곡동),S-OIL,02-444-1666,N,1525.0,1315.0,광진구
455,서울특별시,태양주유소,서울특별시 광진구  동일로 345 (중곡동),GS칼텍스,02-464-5141,N,1527.0,1317.0,광진구
456,서울특별시,평안주유소,서울 광진구 천호대로 630 (능동),알뜰주유소,02-446-0340,N,1528.0,1318.0,광진구
457,서울특별시,현대오일뱅크(주)직영 능동주유소,서울특별시 광진구  천호대로 584 (능동),현대오일뱅크,02-452-7723,Y,1528.0,1318.0,광진구
458,서울특별시,대성산업(주)구의주유소,서울 광진구 광나루로 570 (구의동),GS칼텍스,02-457-0638,N,1538.0,1328.0,광진구
459,서울특별시,일진주유소,서울특별시 광진구  동일로 413 (중곡동),S-OIL,02-468-5415,N,1549.0,1339.0,광진구
460,서울특별시,현대오일뱅크(주)직영중곡현대주유소,서울특별시 광진구 동일로 435 (중곡동),현대오일뱅크,02-497-5151,N,1549.0,1339.0,광진구
461,서울특별시,현대오일뱅크(주)중원주유소,서울 광진구 동일로 398 (중곡동),현대오일뱅크,02-467-2410,N,1554.0,1344.0,광진구
462,서울특별시,(주)장수주유소,서울 광진구 동일로 266 (군자동),SK에너지,02-498-1981,N,1559.0,1349.0,광진구
463,서울특별시,대명주유소,서울 광진구 광나루로 460 (화양동),SK에너지,02-2201-4392,Y,1567.0,1348.0,광진구
464,서울특별시,삼호주유소,서울 광진구 천호대로 809 (광장동),S-OIL,02-455-7200,N,1578.0,1378.0,광진구
465,서울특별시,자양주유소,서울특별시 광진구  아차산로 298 (자양동),SK에너지,02-457-7600,N,1578.0,1378.0,광진구
466,서울특별시,강평주유소,서울 광진구 아차산로 616 (광장동),SK에너지,02-2201-0736,N,1578.0,1378.0,광진구
467,서울특별시,구의스타주유소,서울특별시 광진구 자양로 103 (자양동),GS칼텍스,02-457-4071,N,1619.0,1419.0,광진구
468,서울특별시,SK장호셀프주유소,서울특별시 광진구  자양로37 (자양동),SK에너지,02-447-9796,Y,1637.0,1439.0,광진구
469,서울특별시,동서울주유소,서울 광진구 강변역로 10 (구의동),GS칼텍스,02-444-3910,N,1639.0,1429.0,광진구
470,서울특별시,성일주유소,서울 광진구 동일로 50 (자양동),SK에너지,02-463-3619,N,1675.0,1465.0,광진구
471,서울특별시,처음처럼주유소,서울 구로구 오리로 1299 (궁동),S-OIL,02-2611-5051,N,1509.0,1299.0,구로구
472,서울특별시,풀페이주유소,서울특별시 구로구 경인로 41 (온수동),SK에너지,02-2613-7708,N,1524.0,1294.0,구로구
473,서울특별시,(주)유티에너지직영유티에너지,서울특별시 구로구  시흥대로 539 (구로동),알뜰주유소,02-866-9553,N,1526.0,1326.0,구로구
474,서울특별시,(주)한미석유구로그린주유소,서울 구로구 구로중앙로 76 (구로동),GS칼텍스,02-861-5189,Y,1528.0,1328.0,구로구
475,서울특별시, 현대오일뱅크㈜ 직영 구로셀프주유소,서울특별시 구로구  시흥대로 531 (구로동),현대오일뱅크,02-856-1135,Y,1528.0,1328.0,구로구
476,서울특별시,개봉셀프주유소,서울특별시 구로구  고척로 115 (개봉동),현대오일뱅크,02-2618-5145,Y,1555.0,1345.0,구로구
477,서울특별시,대성산업(주)디큐브주유소,서울 구로구 경인로 650 (신도림동),GS칼텍스,02-2633-7188,N,1558.0,1338.0,구로구
478,서울특별시,신성주유소,서울특별시 구로구  구로동로 187 (구로동),SK에너지,02-866-5189,Y,1568.0,1369.0,구로구
479,서울특별시,항동주유소,서울특별시 구로구 서해안로 2154 (항동),S-OIL,02-2611-1113,Y,1568.0,1348.0,구로구
480,서울특별시,신오류,서울 구로구 경인로 161 (오류동),SK에너지,02-2687-4186,N,1568.0,1331.0,구로구
481,서울특별시,동선주유소,서울 구로구 경인로 150 (오류동),GS칼텍스,02-2683-1126,N,1576.0,1366.0,구로구
482,서울특별시,정은주유소,서울 구로구 경인로 407 (고척동),현대오일뱅크,02-2611-5184,N,1577.0,1367.0,구로구
483,서울특별시,구로시몬주유소,서울 구로구 경인로 290 (개봉동),S-OIL,02-2616-5189,N,1577.0,1367.0,구로구
484,서울특별시,SK구로주유소,서울 구로구 구일로 94 (구로동),SK에너지,02-868-5758,N,1578.0,1378.0,구로구
485,서울특별시,영진주유소,서울특별시 구로구  구로동로 20 (가리봉동),S-OIL,02-861-6625,N,1578.0,1348.0,구로구
486,서울특별시,근린공원주유소,서울특별시 구로구 고척로 199 (고척동),S-OIL,02-2066-3700,N,1585.0,1375.0,구로구
487,서울특별시,삼한주유소,서울특별시 구로구 부일로 871 (온수동),S-OIL,02-2618-3929,N,1598.0,1347.0,구로구
488,서울특별시,(주)새서울석유대원셀프주유소,서울 구로구 개봉로 7 (개봉동),SK에너지,02-2612-3880,Y,1598.0,1398.0,구로구
489,서울특별시,현대오일뱅크(주)직영신구로주유소,서울특별시 구로구  가마산로 293 (구로동),현대오일뱅크,02-859-0051,N,1679.0,1479.0,구로구
490,서울특별시,동아주유소,서울특별시 구로구  도림로 91 (구로동),S-OIL,02-855-1282,N,1699.0,1389.0,구로구
491,서울특별시,(주)유공 구인주유소,서울특별시 구로구 경인로 558  (구로동),SK에너지,02-2677-5010,N,1717.0,1517.0,구로구
492,서울특별시,구로주유소,서울특별시 구로구  구로동로 137 (구로동),GS칼텍스,02-587-1251,N,2046.0,1849.0,구로구
493,서울특별시,대득에너지(금천셀프주유소),서울특별시 금천구  시흥대로 81 (시흥동),GS칼텍스,02-805-7888,Y,1519.0,1319.0,금천구
494,서울특별시,(주)태영유업 독산고개,서울특별시 금천구 시흥대로 484 (독산동),현대오일뱅크,02-856-0283,Y,1527.0,1327.0,금천구
495,서울특별시,백산주유소,서울특별시 금천구  시흥대로 174 (시흥동),S-OIL,02-807-3161,Y,1528.0,1328.0,금천구
496,서울특별시,일신주유소,서울특별시 금천구 시흥대로 118 (시흥동),GS칼텍스,02-896-5145,Y,1528.0,1328.0,금천구
497,서울특별시,명보주유소,서울 금천구 시흥대로 377 (독산동),알뜰주유소,02-806-8336,N,1528.0,1328.0,금천구
498,서울특별시,경복에너지주유소,서울특별시 금천구  독산로 147 (시흥동),현대오일뱅크,02-891-5189,N,1528.0,1328.0,금천구
499,서울특별시,남서울경복에너지,서울 금천구 독산로 257 (독산동),S-OIL,02-855-9880,Y,1528.0,1328.0,금천구
500,서울특별시,구광주유소,서울특별시 금천구  서부샛길 674 (가산동),S-OIL,02-868-6889,N,1558.0,1358.0,금천구
501,서울특별시,KH에너지(주)직영시흥대로주유소,서울시 금천구 시흥대로 221 (시흥동),SK에너지,02-892-5156,N,1558.0,1358.0,금천구
502,서울특별시,성부주유소,서울 금천구 남부순환로 1280 (가산동),SK에너지,02-859-7657,N,1638.0,1398.0,금천구
503,서울특별시,SK에너지(주) 이가주유소,서울 금천구 시흥대로 441 (독산동),SK에너지,02-861-2241,N,1648.0,1398.0,금천구
504,서울특별시,SK에너지(주) 박미주유소,서울 금천구 시흥대로 39-7 (시흥동),SK에너지,02-802-6749,N,1649.0,1397.0,금천구
505,서울특별시,백운주유소,서울 금천구 시흥대로 282 (독산동),GS칼텍스,02-894-8521,N,1737.0,1498.0,금천구
506,서울특별시,순환도로,서울 금천구 남부순환로 1410 (독산동),SK에너지,02-859-5426,N,1789.0,1625.0,금천구
507,서울특별시,태릉솔밭주유소,서울특별시 노원구 노원로 49 (공릉동),S-OIL,02-976-5189,Y,1517.0,1317.0,노원구
508,서울특별시,월계주유소,서울 노원구 월계로 252 (월계동),GS칼텍스,02-917-7650,Y,1518.0,1308.0,노원구
509,서울특별시,(주)이엠배꽃나라주유소,서울특별시 노원구  화랑로 466 (공릉동),GS칼텍스,02-973-5172,Y,1527.0,1327.0,노원구
510,서울특별시,성북역주유소,서울 노원구 광운로 95 (월계동),GS칼텍스,02-919-8141,N,1549.0,1449.0,노원구
511,서울특별시,신성주유소,서울 노원구 월계로 328 (월계동),S-OIL,02-916-4334,Y,1549.0,1339.0,노원구
512,서울특별시,불암주유소,서울특별시 노원구  한글비석로 268 (중계동),S-OIL,02-932-6850,Y,1549.0,1339.0,노원구
513,서울특별시,삼육주유소,서울특별시 노원구  화랑로 822 (공릉동),SK에너지,02-949-3677,Y,1550.0,1350.0,노원구
514,서울특별시,(주)소모석유수락산주유소,서울특별시 노원구 동일로 1772 (상계동),GS칼텍스,02-3392-5656,N,1566.0,1368.0,노원구
515,서울특별시,한신주유소,서울 노원구 동일로 1089 (공릉동),SK에너지,02-974-5151,N,1578.0,1378.0,노원구
516,서울특별시,화랑대주유소,서울특별시 노원구  화랑로483 (공릉동)화랑대주유소,SK에너지,02-972-5189,Y,1598.0,1398.0,노원구
517,서울특별시,노원주유소,서울특별시 노원구  동일로 1008 (공릉동),GS칼텍스,02-949-5151,N,1628.0,1419.0,노원구
518,서울특별시,상계동주유소,서울 노원구 노원로26길 191 (상계동),현대오일뱅크,02-936-5035,N,1650.0,1450.0,노원구
519,서울특별시,양지진흥개발(주)상계주유소,서울 노원구 노해로 527 (상계동),SK에너지,02-930-0111,N,1678.0,1478.0,노원구
520,서울특별시,하계삼호주유소,서울 노원구 공릉로 294 (하계동),GS칼텍스,02-974-8828,N,1698.0,1495.0,노원구
521,서울특별시,sk네트웍스(주)직영 하계주유소,서울특별시 노원구  노원로17길 29 (하계동),SK에너지,02-975-1386,N,1798.0,1598.0,노원구
522,서울특별시,노원역주유소,서울특별시 노원구  노해로75길 20-25 (상계동),SK에너지,02-930-5103,N,1855.0,1655.0,노원구
523,서울특별시,(주)보성 세곡주유소,서울특별시 강남구  헌릉로 731 (세곡동),SK에너지,02-445-6870,Y,1568.0,1365.0,강남구
524,서울특별시,SK서광주유소,서울 강남구 역삼로 142 (역삼동),SK에너지,02-562-4855,Y,1585.0,1385.0,강남구
525,서울특별시,(주)정원이디에쓰 산성주유소,서울 강남구 헌릉로 730 (세곡동),GS칼텍스,02-2226-4963,Y,1588.0,1385.0,강남구
526,서울특별시, 현대오일뱅크㈜ 직영 도곡셀프주유소,서울특별시 강남구  남부순환로 2718 (도곡동),현대오일뱅크,02-529-5101,Y,1588.0,1386.0,강남구
527,서울특별시,에스제이에너지(주) 개포주유소,서울 강남구 양재대로 339 (개포동),GS칼텍스,02-573-9031,N,1598.0,1398.0,강남구
528,서울특별시,현대오일뱅크(주)유진주유소,서울 강남구 논현로 152 (도곡동),현대오일뱅크,02-3462-5215,N,1608.0,1410.0,강남구
529,서울특별시,방죽주유소,서울특별시 강남구 밤고개로 215 (율현동),S-OIL,02-459-3434,Y,1609.0,1399.0,강남구
530,서울특별시,(주)동하힐탑셀프주유소,서울 강남구 논현로 640 (논현동),SK에너지,02-544-4075,Y,1617.0,1415.0,강남구
531,서울특별시,청명주유소,서울특별시 강남구  역삼로 205 (역삼동),SK에너지,02-557-5189,N,1620.0,1398.0,강남구
532,서울특별시,(주)한진 도곡주유소,서울특별시 강남구  도곡로 162 (도곡동),S-OIL,02-2058-3024,N,1620.0,1410.0,강남구
533,서울특별시,대동석유 압구정주유소,서울특별시 강남구  언주로 842 (신사동),SK에너지,02-545-6161,Y,1628.0,1423.0,강남구
534,서울특별시,제이에이치에너지개나리주유소,서울특별시 강남구  언주로 423 (역삼동),GS칼텍스,02-564-0186,N,1632.0,1397.0,강남구
535,서울특별시,주식회사 논현에너지,서울 강남구 학동로 229 (논현동),GS칼텍스,02-3443-9545,N,1633.0,1428.0,강남구
536,서울특별시,주)중앙에너비스 수서지점,서울특별시 강남구  광평로 202 (수서동),SK에너지,070-8707-4582,Y,1635.0,1438.0,강남구
537,서울특별시,sk네트웍스(주)매봉주유소,서울특별시 강남구  언주로 307 (역삼동) 매봉주유소,SK에너지,02-556-5510,Y,1639.0,1418.0,강남구
538,서울특별시,삼성로주유소,서울특별시 강남구  삼성로 563 (삼성동),GS칼텍스,02-538-5138,Y,1639.0,1437.0,강남구
539,서울특별시,은마주유소,서울 강남구 영동대로 235 (대치동),GS칼텍스,02-3452-1882,N,1639.0,1438.0,강남구
540,서울특별시,역삼주유소,서울특별시 강남구  논현로 426 (역삼동),GS칼텍스,02-548-5145,N,1643.0,1399.0,강남구
541,서울특별시,자곡셀프주유소,서울특별시 강남구  밤고개로 120 (자곡동),SK에너지,02-445-5841,Y,1649.0,1449.0,강남구
542,서울특별시,일원주유소,서울 강남구 양재대로55길 3 (일원동),S-OIL,02-2226-5188,Y,1698.0,1468.0,강남구
543,서울특별시,동일석유(주)직영남부주유소,서울 강남구 선릉로 34 (개포동),SK에너지,02-576-7447,N,1748.0,1548.0,강남구
544,서울특별시,(주)새서울석유,서울 강남구 압구정로 154 (신사동),현대오일뱅크,02-543-1154,N,1767.0,1573.0,강남구
545,서울특별시,대교주유소,서울 강남구 강남대로 640 (신사동),SK에너지,02-512-5521,N,1780.0,1580.0,강남구
546,서울특별시,현대오일뱅크(주),서울 강남구 도산대로 163 (신사동),현대오일뱅크,02-546-2182,N,1798.0,1598.0,강남구
547,서울특별시,(주)소모에너지엔테크놀러지쎈트럴주유소,서울 강남구 삼성로 335 (대치동),GS칼텍스,02-565-0267,N,1855.0,1648.0,강남구
548,서울특별시,논현주유소,서울 강남구 논현로 747 (논현동),SK에너지,02-511-0955,N,1865.0,1651.0,강남구
549,서울특별시,현대오일뱅크(주)직영 한양주유소,서울 강남구 압구정로 302 (신사동),현대오일뱅크,02-3444-0804,N,1890.0,1598.0,강남구
550,서울특별시,대청주유소,서울 강남구 개포로 654 (일원동),SK에너지,02-445-5500,N,1896.0,1659.0,강남구
551,서울특별시,대성석유(주)동호주유소,서울특별시 강남구  봉은사로113길 51 (삼성동),GS칼텍스,02-545-0720,N,1897.0,1697.0,강남구
552,서울특별시,지에스타워주유소,서울특별시 강남구  논현로 516 (역삼동),GS칼텍스,02-539-5145,N,1937.0,1738.0,강남구
553,서울특별시,명품주유소,서울 강남구 도곡로 249 (역삼동),S-OIL,02-501-1256,N,1973.0,1753.0,강남구
554,서울특별시,학여울주유소,서울 강남구 남부순환로 3170 (대치동),GS칼텍스,02-3411-3271,N,1980.0,1771.0,강남구
555,서울특별시,주성주유소,서울특별시 강남구  영동대로 716 (청담동),GS칼텍스,02-518-3460,N,1998.0,1798.0,강남구
556,서울특별시,(주)만정에너지,서울 강남구 봉은사로 433 (삼성동),GS칼텍스,02-518-5141,N,1999.0,1927.0,강남구
557,서울특별시,sk네트웍스(주)진달래주유소,서울특별시 강남구  도곡로 208 (도곡동),SK에너지,02-3462-0018,N,1999.0,1829.0,강남구
558,서울특별시,금성,서울 강남구 테헤란로 619 (삼성동),SK에너지,02-508-6572,N,2026.0,1829.0,강남구
559,서울특별시,선우상사,서울 강남구 남부순환로 2651 (도곡동),SK에너지,02-3462-5100,N,2048.0,1897.0,강남구
560,서울특별시,경원주유소,서울 강남구 도산대로 428 (청담동),S-OIL,02-517-1957,N,2075.0,1887.0,강남구
561,서울특별시,갤러리아주유소,서울 강남구 압구정로 426 (청담동),SK에너지,02-540-4965,N,2080.0,1889.0,강남구
562,서울특별시,동우주유소,서울특별시 강남구  봉은사로 311 (논현동),SK에너지,02-542-6726,N,2125.0,1928.0,강남구
563,서울특별시,오천주유소,서울 강남구 봉은사로 503 (삼성동),SK에너지,02-545-2822,N,2127.0,1929.0,강남구
564,서울특별시,삼성주유소,서울 강남구 삼성로 521 (삼성동),SK에너지,02-538-0809,N,2127.0,1929.0,강남구
565,서울특별시,뉴서울(강남),서울 강남구 언주로 716 (논현동),SK에너지,02-518-5631,N,2160.0,1970.0,강남구
